Review,Negative,Neutral,Positive
Just average. Nothing special about this product but it does what it's supposed to do.,0.74739975,0.2225032,0.03009705
"Decent product for the price. Works well enough, but there are definitely better options available.",0.015982082,0.0635558,0.9204622
Amazing! Far exceeded my expectations in every way. I will be buying more for my family.,0.0032644288,0.008345982,0.9883896
Amazing! Far exceeded my expectations in every way. I will be buying more for my family.,0.0032644288,0.008345982,0.9883896
I really loved this product! It worked exactly as described and I've been using it every day since it arrived.,0.0029839925,0.006391168,0.99062485
Terrible product. Broke after one use and the seller has not responded to my complaints. Avoid at all costs.,0.94945437,0.04466108,0.0058845333
"The product is okay, but the service was terrible. I had issues with shipping and customer support was unhelpful.",0.93455315,0.057289742,0.008157188
Product did not match the description and was of poor quality. Very disappointed with this purchase.,0.93669057,0.056375504,0.0069339527
Not happy with this purchase. It arrived late and didn't meet my expectations at all. Will not buy again.,0.93015814,0.062728144,0.0071137142
Amazing! Far exceeded my expectations in every way. I will be buying more for my family.,0.0032644288,0.008345982,0.9883896
Amazing! Far exceeded my expectations in every way. I will be buying more for my family.,0.0032644288,0.008345982,0.9883896
"The product is okay, but the service was terrible. I had issues with shipping and customer support was unhelpful.",0.93455315,0.057289742,0.008157188
"Decent product for the price. Works well enough, but there are definitely better options available.",0.015982082,0.0635558,0.9204622
Just average. Nothing special about this product but it does what it's supposed to do.,0.74739975,0.2225032,0.03009705
Excellent product! Highly recommend to anyone looking for quality and reliability. Five stars!,0.0047108936,0.012402529,0.9828866
I really loved this product! It worked exactly as described and I've been using it every day since it arrived.,0.0029839925,0.006391168,0.99062485
I really loved this product! It worked exactly as described and I've been using it every day since it arrived.,0.0029839925,0.006391168,0.99062485
"The product is okay, but the service was terrible. I had issues with shipping and customer support was unhelpful.",0.93455315,0.057289742,0.008157188
Amazing! Far exceeded my expectations in every way. I will be buying more for my family.,0.0032644288,0.008345982,0.9883896
Terrible product. Broke after one use and the seller has not responded to my complaints. Avoid at all costs.,0.94945437,0.04466108,0.0058845333
Just average. Nothing special about this product but it does what it's supposed to do.,0.74739975,0.2225032,0.03009705
Great value for the money. I am pleasantly surprised with how well this works. I would definitely purchase again.,0.003809329,0.0095514925,0.9866392
"Decent product for the price. Works well enough, but there are definitely better options available.",0.015982082,0.0635558,0.9204622
Just average. Nothing special about this product but it does what it's supposed to do.,0.74739975,0.2225032,0.03009705
"The product is okay, but the service was terrible. I had issues with shipping and customer support was unhelpful.",0.93455315,0.057289742,0.008157188
Not happy with this purchase. It arrived late and didn't meet my expectations at all. Will not buy again.,0.93015814,0.062728144,0.0071137142
"The product is okay, but the service was terrible. I had issues with shipping and customer support was unhelpful.",0.93455315,0.057289742,0.008157188
"Decent product for the price. Works well enough, but there are definitely better options available.",0.015982082,0.0635558,0.9204622
Just average. Nothing special about this product but it does what it's supposed to do.,0.74739975,0.2225032,0.03009705
Great value for the money. I am pleasantly surprised with how well this works. I would definitely purchase again.,0.003809329,0.0095514925,0.9866392
"Decent product for the price. Works well enough, but there are definitely better options available.",0.015982082,0.0635558,0.9204622
Just average. Nothing special about this product but it does what it's supposed to do.,0.74739975,0.2225032,0.03009705
Excellent product! Highly recommend to anyone looking for quality and reliability. Five stars!,0.0047108936,0.012402529,0.9828866
Product did not match the description and was of poor quality. Very disappointed with this purchase.,0.93669057,0.056375504,0.0069339527
"Decent product for the price. Works well enough, but there are definitely better options available.",0.015982082,0.0635558,0.9204622
Not happy with this purchase. It arrived late and didn't meet my expectations at all. Will not buy again.,0.93015814,0.062728144,0.0071137142
Not happy with this purchase. It arrived late and didn't meet my expectations at all. Will not buy again.,0.93015814,0.062728144,0.0071137142
"The product is okay, but the service was terrible. I had issues with shipping and customer support was unhelpful.",0.93455315,0.057289742,0.008157188
"Decent product for the price. Works well enough, but there are definitely better options available.",0.015982082,0.0635558,0.9204622
"Decent product for the price. Works well enough, but there are definitely better options available.",0.015982082,0.0635558,0.9204622
Product did not match the description and was of poor quality. Very disappointed with this purchase.,0.93669057,0.056375504,0.0069339527
"The product is okay, but the service was terrible. I had issues with shipping and customer support was unhelpful.",0.93455315,0.057289742,0.008157188
Just average. Nothing special about this product but it does what it's supposed to do.,0.74739975,0.2225032,0.03009705
Excellent product! Highly recommend to anyone looking for quality and reliability. Five stars!,0.0047108936,0.012402529,0.9828866
Great value for the money. I am pleasantly surprised with how well this works. I would definitely purchase again.,0.003809329,0.0095514925,0.9866392
Excellent product! Highly recommend to anyone looking for quality and reliability. Five stars!,0.0047108936,0.012402529,0.9828866
Great value for the money. I am pleasantly surprised with how well this works. I would definitely purchase again.,0.003809329,0.0095514925,0.9866392
Not happy with this purchase. It arrived late and didn't meet my expectations at all. Will not buy again.,0.93015814,0.062728144,0.0071137142
Excellent product! Highly recommend to anyone looking for quality and reliability. Five stars!,0.0047108936,0.012402529,0.9828866
Not happy with this purchase. It arrived late and didn't meet my expectations at all. Will not buy again.,0.93015814,0.062728144,0.0071137142
Great value for the money. I am pleasantly surprised with how well this works. I would definitely purchase again.,0.003809329,0.0095514925,0.9866392
"The product is okay, but the service was terrible. I had issues with shipping and customer support was unhelpful.",0.93455315,0.057289742,0.008157188
Just average. Nothing special about this product but it does what it's supposed to do.,0.74739975,0.2225032,0.03009705
Just average. Nothing special about this product but it does what it's supposed to do.,0.74739975,0.2225032,0.03009705
"The product is okay, but the service was terrible. I had issues with shipping and customer support was unhelpful.",0.93455315,0.057289742,0.008157188
"The product is okay, but the service was terrible. I had issues with shipping and customer support was unhelpful.",0.93455315,0.057289742,0.008157188
Great value for the money. I am pleasantly surprised with how well this works. I would definitely purchase again.,0.003809329,0.0095514925,0.9866392
Excellent product! Highly recommend to anyone looking for quality and reliability. Five stars!,0.0047108936,0.012402529,0.9828866
Great value for the money. I am pleasantly surprised with how well this works. I would definitely purchase again.,0.003809329,0.0095514925,0.9866392
Terrible product. Broke after one use and the seller has not responded to my complaints. Avoid at all costs.,0.94945437,0.04466108,0.0058845333
Excellent product! Highly recommend to anyone looking for quality and reliability. Five stars!,0.0047108936,0.012402529,0.9828866
Just average. Nothing special about this product but it does what it's supposed to do.,0.74739975,0.2225032,0.03009705
"The product is okay, but the service was terrible. I had issues with shipping and customer support was unhelpful.",0.93455315,0.057289742,0.008157188
Amazing! Far exceeded my expectations in every way. I will be buying more for my family.,0.0032644288,0.008345982,0.9883896
Product did not match the description and was of poor quality. Very disappointed with this purchase.,0.93669057,0.056375504,0.0069339527
Excellent product! Highly recommend to anyone looking for quality and reliability. Five stars!,0.0047108936,0.012402529,0.9828866
Excellent product! Highly recommend to anyone looking for quality and reliability. Five stars!,0.0047108936,0.012402529,0.9828866
Not happy with this purchase. It arrived late and didn't meet my expectations at all. Will not buy again.,0.93015814,0.062728144,0.0071137142
"Decent product for the price. Works well enough, but there are definitely better options available.",0.015982082,0.0635558,0.9204622
Amazing! Far exceeded my expectations in every way. I will be buying more for my family.,0.0032644288,0.008345982,0.9883896
Excellent product! Highly recommend to anyone looking for quality and reliability. Five stars!,0.0047108936,0.012402529,0.9828866
Excellent product! Highly recommend to anyone looking for quality and reliability. Five stars!,0.0047108936,0.012402529,0.9828866
"Decent product for the price. Works well enough, but there are definitely better options available.",0.015982082,0.0635558,0.9204622
Product did not match the description and was of poor quality. Very disappointed with this purchase.,0.93669057,0.056375504,0.0069339527
Terrible product. Broke after one use and the seller has not responded to my complaints. Avoid at all costs.,0.94945437,0.04466108,0.0058845333
Excellent product! Highly recommend to anyone looking for quality and reliability. Five stars!,0.0047108936,0.012402529,0.9828866
I really loved this product! It worked exactly as described and I've been using it every day since it arrived.,0.0029839925,0.006391168,0.99062485
"Decent product for the price. Works well enough, but there are definitely better options available.",0.015982082,0.0635558,0.9204622
Not happy with this purchase. It arrived late and didn't meet my expectations at all. Will not buy again.,0.93015814,0.062728144,0.0071137142
Excellent product! Highly recommend to anyone looking for quality and reliability. Five stars!,0.0047108936,0.012402529,0.9828866
Great value for the money. I am pleasantly surprised with how well this works. I would definitely purchase again.,0.003809329,0.0095514925,0.9866392
I really loved this product! It worked exactly as described and I've been using it every day since it arrived.,0.0029839925,0.006391168,0.99062485
Amazing! Far exceeded my expectations in every way. I will be buying more for my family.,0.0032644288,0.008345982,0.9883896
Not happy with this purchase. It arrived late and didn't meet my expectations at all. Will not buy again.,0.93015814,0.062728144,0.0071137142
Terrible product. Broke after one use and the seller has not responded to my complaints. Avoid at all costs.,0.94945437,0.04466108,0.0058845333
I really loved this product! It worked exactly as described and I've been using it every day since it arrived.,0.0029839925,0.006391168,0.99062485
"The product is okay, but the service was terrible. I had issues with shipping and customer support was unhelpful.",0.93455315,0.057289742,0.008157188
Terrible product. Broke after one use and the seller has not responded to my complaints. Avoid at all costs.,0.94945437,0.04466108,0.0058845333
Not happy with this purchase. It arrived late and didn't meet my expectations at all. Will not buy again.,0.93015814,0.062728144,0.0071137142
Product did not match the description and was of poor quality. Very disappointed with this purchase.,0.93669057,0.056375504,0.0069339527
Amazing! Far exceeded my expectations in every way. I will be buying more for my family.,0.0032644288,0.008345982,0.9883896
I really loved this product! It worked exactly as described and I've been using it every day since it arrived.,0.0029839925,0.006391168,0.99062485
Great value for the money. I am pleasantly surprised with how well this works. I would definitely purchase again.,0.003809329,0.0095514925,0.9866392
"Decent product for the price. Works well enough, but there are definitely better options available.",0.015982082,0.0635558,0.9204622
Terrible product. Broke after one use and the seller has not responded to my complaints. Avoid at all costs.,0.94945437,0.04466108,0.0058845333
Terrible product. Broke after one use and the seller has not responded to my complaints. Avoid at all costs.,0.94945437,0.04466108,0.0058845333
Not happy with this purchase. It arrived late and didn't meet my expectations at all. Will not buy again.,0.93015814,0.062728144,0.0071137142
Terrible product. Broke after one use and the seller has not responded to my complaints. Avoid at all costs.,0.94945437,0.04466108,0.0058845333
Great value for the money. I am pleasantly surprised with how well this works. I would definitely purchase again.,0.003809329,0.0095514925,0.9866392
Not happy with this purchase. It arrived late and didn't meet my expectations at all. Will not buy again.,0.93015814,0.062728144,0.0071137142
